,City,Lat,Lng,Max Temp,Humidity,Cloudiness,Wind Speed,Country,Date
0,Tasiilaq,65.61,-37.64,42.8,87,100,6.93,GL,1593380195
1,Yellowknife,62.46,-114.35,68.0,37,20,8.05,CA,1593380445
2,Barrow,71.29,-156.79,51.8,66,1,11.41,US,1593380229
3,Sur,22.57,59.53,85.42,70,59,16.17,OM,1593380445
4,Ketchikan,55.34,-131.65,68.0,60,1,14.99,US,1593380445
5,Mīnāb,27.15,57.08,89.6,75,3,4.7,IR,1593380445
6,Nabire,-3.37,135.48,75.81,88,100,3.51,ID,1593380446
7,Nālūt,30.33,10.85,87.76,18,21,11.99,LY,1593380446
8,Busselton,-33.65,115.33,54.0,64,45,26.93,AU,1593380366
9,Ryōtsu-minato,38.08,138.43,68.0,88,90,2.24,JP,1593380446
10,Rikitea,-23.12,-134.97,67.91,57,0,18.37,PF,1593380446
11,Praia da Vitória,38.73,-27.07,68.0,94,75,8.5,PT,1593380446
12,Punta Arenas,-53.15,-70.92,30.2,86,8,6.93,CL,1593380181
13,Tikhvin,59.65,33.53,51.12,72,0,6.22,RU,1593380446
14,Narsaq,60.92,-46.05,53.6,58,93,12.75,GL,1593380446
15,Muborak,39.26,65.15,70.03,23,35,13.71,UZ,1593380446
16,Aksu,41.12,80.26,62.47,43,53,9.48,CN,1593380446
17,Tuktoyaktuk,69.45,-133.04,44.6,87,40,6.93,CA,1593380446
18,Port Alfred,-33.59,26.89,57.99,64,11,5.01,ZA,1593380446
19,Acaraú,-2.89,-40.12,78.64,81,11,13.87,BR,1593380447
20,Batesville,35.77,-91.64,90.0,59,1,11.41,US,1593380447
21,Saskylakh,71.92,114.08,78.75,40,0,2.86,RU,1593380447
22,Salalah,17.02,54.09,84.2,89,75,5.82,OM,1593380210
23,Tadine,-21.55,167.88,70.66,55,0,10.85,NC,1593380447
24,Lebu,-37.62,-73.65,53.58,90,73,13.73,CL,1593380447
25,Castro,-24.79,-50.01,52.48,86,98,6.06,BR,1593380447
26,Palmerston,-12.49,130.98,71.6,88,40,2.24,AU,1593380447
27,Nome,64.5,-165.41,46.4,75,90,5.82,US,1593380441
28,Esperance,-33.87,121.9,55.4,66,90,26.4,AU,1593380216
29,Hobart,-42.88,147.33,42.8,81,40,6.93,AU,1593380447
30,Vila Franca do Campo,37.72,-25.43,68.0,88,40,6.93,PT,1593380222
31,Naze,28.37,129.48,78.8,100,75,9.17,JP,1593380447
32,Naifaru,5.44,73.37,82.99,79,0,15.21,MV,1593380447
33,Mataura,-46.19,168.86,44.04,93,100,4.59,NZ,1593380448
34,Neiafu,-18.65,-173.98,80.6,83,40,8.05,TO,1593380448
35,Caravelas,-17.71,-39.25,73.02,84,3,7.63,BR,1593380448
36,Ponta do Sol,32.67,-17.1,71.6,78,40,14.99,PT,1593380187
37,Provideniya,64.38,-173.3,39.2,86,90,17.9,RU,1593380448
38,Sisimiut,66.94,-53.67,42.42,79,16,9.22,GL,1593380448
39,Carnarvon,-24.87,113.63,68.0,72,9,10.29,AU,1593380448
40,Kavieng,-2.57,150.8,83.82,77,17,12.3,PG,1593380448
41,Chokurdakh,70.63,147.92,57.38,44,100,7.81,RU,1593380448
42,Dikson,73.51,80.55,44.11,100,99,18.07,RU,1593380448
43,Tiksi,71.69,128.87,40.48,70,90,2.71,RU,1593380448
44,Atuona,-9.8,-139.03,80.31,76,4,14.45,PF,1593380448
45,Grand Gaube,-20.01,57.66,71.01,79,33,3.0,MU,1593380449
46,Avarua,-21.21,-159.78,75.2,64,23,12.75,CK,1593380201
47,Albany,42.6,-73.97,73.99,88,92,5.41,US,1593380227
48,Ulladulla,-35.35,150.47,48.2,100,75,5.82,AU,1593380320
49,Vaini,-21.2,-175.2,77.0,88,75,8.05,TO,1593380193
50,Damietta,31.42,31.81,74.53,85,0,10.74,EG,1593380449
51,Tuatapere,-46.13,167.68,46.98,82,100,10.96,NZ,1593380449
52,Kemijärvi,66.71,27.43,50.13,59,5,3.2,FI,1593380449
53,Katsuura,35.13,140.3,75.2,78,75,6.93,JP,1593380449
54,Hithadhoo,-0.6,73.08,84.51,72,21,8.75,MV,1593380449
55,Ushuaia,-54.8,-68.3,37.4,64,75,14.99,AR,1593380450
56,Ilulissat,69.22,-51.1,39.2,93,75,6.93,GL,1593380187
57,Izumo,35.37,132.77,71.6,88,75,5.82,JP,1593380450
58,Kloulklubed,7.04,134.26,75.2,94,75,6.91,PW,1593380450
59,Vilhena,-12.74,-60.15,80.6,57,20,8.05,BR,1593380373
60,Ribeira Grande,38.52,-28.7,68.61,91,35,6.89,PT,1593380450
61,Hilo,19.73,-155.09,82.4,61,40,8.05,US,1593380450
62,Abirāmam,9.47,78.45,82.4,78,95,4.7,IN,1593380450
63,Lorengau,-2.02,147.27,84.11,75,77,11.41,PG,1593380450
64,Clyde River,70.47,-68.59,33.8,100,90,10.29,CA,1593380450
65,Ayan,56.45,138.17,48.54,86,3,2.66,RU,1593380450
66,Wattegama,6.8,81.48,77.54,80,20,5.14,LK,1593380451
67,Ahipara,-35.17,173.17,58.08,73,13,17.58,NZ,1593380451
68,Constitución,-35.33,-72.42,54.5,93,100,11.43,CL,1593380451
69,Iqaluit,63.75,-68.51,39.2,86,75,8.05,CA,1593380451
70,Aswān,24.09,32.91,87.64,19,11,10.02,EG,1593380451
71,Huilong,31.81,121.66,79.0,99,100,13.98,CN,1593380230
72,Orlik,52.52,99.83,54.37,77,46,1.45,RU,1593380451
73,Bluff,-46.6,168.33,49.46,77,85,17.92,NZ,1593380451
74,Yulara,-25.24,130.99,42.8,52,0,5.82,AU,1593380451
75,Sabha,27.04,14.43,85.53,20,0,11.5,LY,1593380452
76,Cockburn Town,21.46,-71.14,82.94,77,0,13.02,TC,1593380452
77,Puerto Ayora,-0.74,-90.35,80.6,61,40,10.29,EC,1593380452
78,Carutapera,-1.2,-46.02,76.42,92,76,6.6,BR,1593380452
79,Mwene-Ditu,-7.0,23.45,70.88,49,30,3.36,CD,1593380452
80,Ucluelet,48.93,-125.55,68.0,56,5,9.17,CA,1593380181
81,Alofi,-19.06,-169.92,80.6,78,55,10.29,NU,1593380452
82,Arraial do Cabo,-22.97,-42.03,69.8,77,75,5.82,BR,1593380452
83,Kovdor,67.57,30.48,45.7,68,0,3.49,RU,1593380452
84,Riberalta,-10.98,-66.1,79.12,71,11,3.0,BO,1593380452
85,Mar del Plata,-38.0,-57.56,48.0,81,75,3.36,AR,1593380367
86,Kapaa,22.08,-159.32,84.0,74,40,9.17,US,1593380191
87,Edd,13.93,41.69,90.03,52,15,9.86,ER,1593380452
88,Lubartów,51.46,22.61,73.0,100,60,2.24,PL,1593380453
89,Vestmanna,62.16,-7.17,55.4,76,82,20.8,FO,1593380453
90,Coswig,51.13,13.58,66.2,88,100,3.36,DE,1593380453
91,Upernavik,72.79,-56.15,40.55,73,0,10.76,GL,1593380453
92,Cabo San Lucas,22.89,-109.91,86.0,58,90,10.29,MX,1593380453
93,Jamestown,42.1,-79.24,77.0,60,40,8.05,US,1593380160
94,Zabaykal'sk,49.63,117.32,65.55,58,98,7.27,RU,1593380453
95,Comodoro Rivadavia,-45.87,-67.5,39.2,93,75,9.89,AR,1593380292
96,Chingirlau,51.09,54.08,56.93,78,49,3.56,KZ,1593380201
97,Nikolskoye,59.7,30.79,62.6,55,0,4.47,RU,1593380184
98,Deputatsky,69.3,139.9,54.72,71,96,6.33,RU,1593380453
99,Billings Metropolitan Area,45.78,-108.5,61.0,77,90,12.75,US,1593380453
100,Coquimbo,-29.95,-71.34,55.4,87,90,4.7,CL,1593380305
101,Bathsheba,13.22,-59.52,84.2,74,20,16.11,BB,1593380454
102,Staryy Nadym,65.61,72.68,48.96,92,100,18.12,RU,1593380454
103,Soure,-0.72,-48.52,80.65,82,72,9.4,BR,1593380454
104,Sambava,-14.27,50.17,72.28,87,46,8.34,MG,1593380454
105,Mahébourg,-20.41,57.7,71.6,83,40,5.82,MU,1593380454
106,Thompson,55.74,-97.86,57.2,93,90,12.75,CA,1593380454
107,Bunia,1.57,30.25,64.44,86,1,6.02,CD,1593380454
108,East London,-33.02,27.91,60.03,57,0,18.97,ZA,1593380454
109,Ballina,-28.87,153.57,50.0,93,75,5.82,AU,1593380454
110,Aklavik,68.22,-135.01,66.2,37,20,8.05,CA,1593380454
111,George Town,5.41,100.34,84.2,94,40,3.36,MY,1593380454
112,Ust-Nera,64.57,143.2,76.91,32,57,2.77,RU,1593380454
113,New Norfolk,-42.78,147.06,39.99,91,2,2.91,AU,1593380455
114,Yenangyaung,20.47,94.88,78.48,80,85,11.5,MM,1593380455
115,Rielasingen-Worblingen,47.73,8.84,62.01,91,100,1.99,DE,1593380455
116,Kodinsk,58.69,99.18,65.55,72,100,2.89,RU,1593380455
117,Amapá,1.0,-52.0,74.71,97,100,2.44,BR,1593380455
118,Berlevåg,70.86,29.09,41.0,93,75,6.93,NO,1593380455
119,Saldanha,-33.01,17.94,57.02,68,40,3.94,ZA,1593380455
120,Derzhavīnsk,51.1,66.32,54.88,81,95,6.11,KZ,1593380455
121,Tungor,53.38,142.96,46.78,95,100,1.5,RU,1593380455
122,Bethel,41.37,-73.41,78.01,83,75,0.69,US,1593380184
123,Ancud,-41.87,-73.82,46.99,100,90,3.36,CL,1593380456
124,Butaritari,3.07,172.79,82.87,72,69,13.82,KI,1593380194
125,Longyearbyen,78.22,15.64,42.8,56,40,11.41,SJ,1593380456
126,Cape Town,-33.93,18.42,55.99,87,75,2.24,ZA,1593380322
127,São Filipe,14.9,-24.5,75.97,74,2,15.3,CV,1593380456
128,Cidreira,-30.18,-50.21,55.09,64,0,7.31,BR,1593380456
129,Soyo,-6.13,12.37,72.48,83,0,7.9,AO,1593380456
130,Hermanus,-34.42,19.23,57.0,80,34,3.0,ZA,1593380456
131,Felipe Carrillo Puerto,19.58,-88.05,89.73,55,71,7.14,MX,1593380456
132,Makakilo City,21.35,-158.09,84.2,62,1,10.29,US,1593380182
133,Quatre Cocos,-20.21,57.76,71.6,83,40,5.82,MU,1593380456
134,Kapoeta,4.77,33.59,77.65,52,0,3.89,SS,1593380456
135,Codrington,-38.27,141.97,40.98,85,9,5.97,AU,1593380457
136,Labuhan,-6.88,112.21,75.87,85,1,4.99,ID,1593380457
137,Mandalgovi,45.76,106.27,60.66,70,80,14.36,MN,1593380457
138,Cayenne,4.93,-52.33,77.0,100,79,1.12,GF,1593380457
139,Kattivākkam,13.22,80.32,80.6,83,40,3.36,IN,1593380251
140,Pevek,69.7,170.31,31.93,99,100,16.11,RU,1593380457
141,Grindavik,63.84,-22.43,51.8,100,75,11.41,IS,1593380457
142,Pierre,44.37,-100.35,95.0,38,1,13.87,US,1593380255
143,Torbay,47.67,-52.73,68.0,88,75,6.93,CA,1593380457
144,Hambantota,6.12,81.12,81.95,79,20,17.43,LK,1593380457
145,Kulhudhuffushi,6.62,73.07,82.99,80,5,16.26,MV,1593380457
146,General Roca,-39.03,-67.58,39.2,93,75,3.36,AR,1593380226
147,Kalach-na-Donu,48.69,43.53,69.01,52,90,1.86,RU,1593380457
148,Tilichiki,60.47,166.1,55.0,59,81,4.43,RU,1593380457
149,Gladstone,-23.85,151.25,57.2,82,61,4.7,AU,1593380458
150,Jonava,55.08,24.28,64.4,82,41,2.39,LT,1593380458
151,Cherskiy,68.75,161.3,48.47,55,44,10.85,RU,1593380180
152,Krasnosel'kup,65.7,82.47,59.76,79,83,19.71,RU,1593380458
153,Lata,40.16,-8.33,69.01,84,7,3.36,PT,1593380458
154,La Orilla,17.98,-102.23,86.31,61,29,10.47,MX,1593380458
155,Vaitape,-16.52,-151.75,77.18,73,100,20.67,PF,1593380458
156,Mikhaylovka,50.06,43.24,70.0,72,95,5.01,RU,1593380458
157,Faanui,-16.48,-151.75,76.39,75,100,20.58,PF,1593380458
158,Matara,5.95,80.54,79.9,86,56,11.01,LK,1593380458
159,Khipro,25.83,69.38,86.13,69,0,21.16,PK,1593380458
160,Atbasar,51.8,68.33,53.06,81,52,6.8,KZ,1593380458
161,Saint George,37.1,-113.58,98.6,12,1,35.57,US,1593380162
162,Durban,-29.86,31.03,66.0,72,20,3.36,ZA,1593380200
163,Williamsburg,37.27,-76.71,86.0,66,20,4.7,US,1593380328
164,Sørland,67.67,12.69,55.42,81,62,17.74,NO,1593380459
165,Khovd,48.01,91.64,64.78,45,25,3.02,MN,1593380186
166,Santa Maria,-29.68,-53.81,59.0,72,44,11.41,BR,1593380287
167,Eydhafushi,5.1,73.07,83.12,79,11,14.07,MV,1593380459
168,Manokwari,-0.87,134.08,78.98,68,61,4.92,ID,1593380459
169,Lavrentiya,65.58,-171.0,41.27,72,46,15.01,RU,1593380459
170,Lalibela,12.03,39.03,59.13,74,0,0.67,ET,1593380459
171,Bahía Blanca,-38.72,-62.27,43.48,63,95,11.1,AR,1593380237
172,Saint Paul Harbor,57.79,-152.41,57.2,58,90,10.29,US,1593380459
173,Yar-Sale,66.83,70.83,53.04,65,95,17.02,RU,1593380459
174,Okhotsk,59.38,143.3,52.68,76,0,6.06,RU,1593380459
175,Sadovoye,47.78,44.51,74.34,43,34,7.99,RU,1593380459
176,El Alto,-4.27,-81.21,67.96,76,9,14.23,PE,1593380460
177,Mengcheng,33.26,116.57,72.59,96,97,12.5,CN,1593380460
178,Matonga,-2.38,34.08,70.11,52,67,2.53,TZ,1593380460
179,Sri Aman,1.24,111.46,77.0,94,100,1.12,MY,1593380460
180,Sioux Lookout,50.1,-91.92,86.0,40,40,11.41,CA,1593380460
181,Fukuechō,32.69,128.84,74.89,76,77,6.82,JP,1593380460
182,Cochrane,51.18,-114.47,55.4,76,40,13.87,CA,1593380205
183,Strogonovka,44.94,34.2,63.59,57,0,3.4,UA,1593380460
184,Hong Kong,22.29,114.16,84.0,74,99,4.0,HK,1593380451
185,Santo Domingo,18.5,-69.99,82.4,88,75,6.93,DO,1593380400
186,Barcelona,41.39,2.16,77.0,83,0,6.93,ES,1593380295
187,Mackay,-21.15,149.2,62.6,93,40,11.41,AU,1593380461
188,Esil,51.96,66.4,55.15,74,87,7.96,KZ,1593380461
189,Fairbanks,64.84,-147.72,68.0,40,75,9.17,US,1593380407
190,Severo-Kuril'sk,50.68,156.12,52.86,61,100,1.41,RU,1593380461
191,Kahului,20.89,-156.47,89.6,52,20,18.34,US,1593380461
192,Port Elizabeth,-33.92,25.57,57.2,62,26,12.75,ZA,1593380188
193,Chernyshevskiy,63.01,112.47,67.59,59,87,4.38,RU,1593380231
194,Nador,35.17,-2.93,75.2,64,0,4.7,MA,1593380461
195,Kaitangata,-46.28,169.85,44.01,82,100,3.0,NZ,1593380461
196,Novobirilyussy,56.95,90.67,52.48,89,47,3.98,RU,1593380461
197,Viedma,-40.81,-63.0,41.5,77,100,4.56,AR,1593380461
198,Española,35.99,-106.08,84.99,11,40,14.99,US,1593380461
199,Chutove,49.71,35.16,66.83,85,53,6.24,UA,1593380462
200,Port Hardy,50.7,-127.42,68.0,60,20,12.75,CA,1593380462
201,Talcahuano,-36.72,-73.12,53.6,87,75,13.87,CL,1593380418
202,Kohtla-Järve,59.4,27.27,58.87,66,0,12.46,EE,1593380462
203,Mbanza-Ngungu,-5.25,14.87,70.29,60,0,5.32,CD,1593380462
204,Isangel,-19.55,169.27,71.6,78,90,13.15,VU,1593380462
205,Fortuna,40.6,-124.16,64.0,59,1,24.16,US,1593380462
206,Germantown,39.17,-77.27,86.0,62,1,11.41,US,1593380271
207,Bilma,18.69,12.92,86.92,13,0,5.61,NE,1593380462
208,Bengkulu,-3.8,102.27,76.15,87,63,4.99,ID,1593380462
209,Saint Anthony,45.02,-93.22,87.01,51,40,12.75,US,1593380462
210,São Miguel do Araguaia,-13.28,-50.16,78.01,44,12,4.54,BR,1593380463
211,Laguna,38.42,-121.42,82.0,36,1,11.41,US,1593380285
212,Alzamay,55.56,98.66,62.44,95,100,9.01,RU,1593380463
213,Beloha,-25.17,45.05,63.3,93,0,3.96,MG,1593380463
214,Shillong,25.57,91.88,64.2,100,93,3.87,IN,1593380463
215,Micheweni,-4.97,39.83,76.19,87,6,10.27,TZ,1593380463
216,Alice Springs,-23.7,133.88,33.8,59,0,5.82,AU,1593380198
217,Ust-Maya,60.42,134.53,74.52,50,0,1.32,RU,1593380463
218,Hamilton,39.18,-84.53,84.99,69,1,4.7,US,1593380240
219,Rongcheng,30.63,117.85,76.93,92,96,6.15,CN,1593380463
220,Ensley,30.52,-87.27,91.0,70,20,10.29,US,1593380463
221,Pisco,-13.7,-76.22,64.4,77,20,8.05,PE,1593380203
222,Giohar,2.78,45.5,76.24,88,85,12.15,SO,1593380464
223,Auch,43.65,0.58,73.99,79,58,4.99,FR,1593380464
224,La Ronge,55.1,-105.28,68.0,68,90,6.93,CA,1593380464
225,Khilok,51.37,110.47,58.48,86,44,1.32,RU,1593380464
226,Kavaratti,10.57,72.64,83.95,79,100,20.4,IN,1593380464
227,Sabang,5.89,95.32,82.09,78,25,11.65,ID,1593380464
228,Coyhaique,-45.58,-72.07,32.0,95,90,3.36,CL,1593380464
229,São João da Barra,-21.64,-41.05,71.6,78,20,8.28,BR,1593380231
230,Plettenberg Bay,-34.05,23.37,54.97,73,30,10.89,ZA,1593380222
231,Yelizovo,53.19,158.38,62.6,63,45,2.24,RU,1593380464
232,Yueyang,29.33,113.09,74.08,98,100,5.66,CN,1593380464
233,Amazar,53.86,120.88,61.93,83,17,1.97,RU,1593380464
234,Avera,33.19,-82.53,93.2,49,40,10.29,US,1593380465
235,Khatanga,71.97,102.5,81.0,34,3,15.95,RU,1593380465
236,Vao,-22.67,167.48,69.1,54,0,8.16,NC,1593380465
237,Paulista,-7.94,-34.87,73.4,94,75,5.82,BR,1593380204
238,Shingū,33.73,135.98,71.73,71,0,4.83,JP,1593380465
239,Sampang,-7.19,113.24,77.97,83,49,3.31,ID,1593380465
240,Gōtsuchō,35.0,132.22,71.37,84,52,3.15,JP,1593380465
241,Paita,-5.09,-81.11,67.75,76,0,16.31,PE,1593380465
242,Devils Lake,48.11,-98.87,87.8,52,1,21.92,US,1593380465
243,San Patricio,19.22,-104.7,87.12,63,68,14.36,MX,1593380221
244,Chui,-33.7,-53.46,47.03,81,47,3.89,UY,1593380465
245,Portland,45.52,-122.68,68.0,48,75,12.75,US,1593380142
246,Touros,-5.2,-35.46,77.0,88,20,8.05,BR,1593380219
247,Vitina,43.24,17.48,77.0,57,8,1.12,BA,1593380466
248,Luancheng,37.88,114.65,69.8,94,90,4.47,CN,1593380466
249,Ambilobe,-13.2,49.05,70.03,87,1,3.24,MG,1593380466
250,Te Anau,-45.42,167.72,40.93,86,98,1.74,NZ,1593380466
251,Boden,65.83,21.69,59.0,62,18,2.24,SE,1593380466
252,Kysyl-Syr,63.9,122.76,72.72,54,71,6.04,RU,1593380466
253,Los Llanos de Aridane,28.66,-17.92,73.4,78,75,17.22,ES,1593380466
254,Norman Wells,65.28,-126.83,73.4,28,40,5.82,CA,1593380183
255,Askiz,53.13,90.53,58.23,89,100,2.66,RU,1593380184
256,Monmouth,40.3,-74.17,91.0,66,1,9.17,US,1593380466
257,Waipawa,-41.41,175.52,50.0,93,94,1.12,NZ,1593380466
258,Lodja,-3.48,23.43,73.69,81,51,1.66,CD,1593380467
259,Olafsvik,64.89,-23.71,53.98,85,100,13.8,IS,1593380467
260,Ubon Ratchathani,15.22,104.85,78.8,88,20,3.36,TH,1593380467
261,Paamiut,61.99,-49.67,40.48,87,57,11.65,GL,1593380467
262,Cañon City,38.44,-105.24,96.8,52,1,3.36,US,1593380372
263,Andenes,69.31,16.12,46.4,93,0,26.4,NO,1593380467
264,Richmond,37.55,-77.46,87.01,74,75,5.82,US,1593380401
265,Kuril'sk,45.23,147.88,48.45,92,100,7.4,RU,1593380467
266,Itajubá,-22.43,-45.45,55.06,83,9,3.76,BR,1593380467
267,Half Moon Bay,37.46,-122.43,69.01,52,20,14.99,US,1593380201
268,Hofn,64.25,-15.21,54.5,68,100,19.26,IS,1593380467
269,Vung Tau,10.35,107.08,80.83,80,100,8.7,VN,1593380467
270,Tura,25.52,90.22,73.38,97,98,6.08,IN,1593380468
271,Puerto Baquerizo Moreno,-0.9,-89.6,77.0,73,20,17.22,EC,1593380408
272,Tabon,9.24,117.99,77.72,84,100,5.61,PH,1593380468
273,Tautira,-17.73,-149.15,82.4,54,40,5.82,PF,1593380196
274,Namatanai,-3.67,152.43,82.33,76,43,7.43,PG,1593380468
275,Wodzisław Śląski,50.0,18.47,71.01,89,0,3.0,PL,1593380468
276,Malé,4.17,73.51,83.08,79,48,12.71,MV,1593380468
277,Ibanda,-2.8,32.47,71.47,46,84,3.06,TZ,1593380468
278,Taltal,-25.4,-70.48,58.28,72,77,2.62,CL,1593380468
279,Hūn,29.13,15.95,81.57,24,0,12.17,LY,1593380468
280,Tarime,-1.35,34.37,62.87,82,72,3.69,TZ,1593380468
281,San Francisco,37.77,-122.42,68.0,52,20,14.99,US,1593380459
282,Eenhana,-17.47,16.33,59.0,38,0,2.24,NA,1593380468
283,Kruisfontein,-34.0,24.73,51.01,77,34,10.92,ZA,1593380469
284,Pakse,15.12,105.78,75.15,93,90,3.49,LA,1593380469
285,Dandong,40.13,124.39,69.46,77,93,2.71,CN,1593380469
286,Ostrovnoy,68.05,39.51,42.94,86,97,9.24,RU,1593380469
287,Ponta Delgada,37.73,-25.67,68.0,88,40,6.93,PT,1593380469
288,Pangkalanbuun,-2.68,111.62,72.57,96,87,2.48,ID,1593380469
289,Alugan,12.22,125.48,79.05,83,100,6.55,PH,1593380469
290,Husavik,66.04,-17.34,59.0,62,4,16.11,IS,1593380469
291,Bredasdorp,-34.53,20.04,57.2,76,8,12.75,ZA,1593380182
292,Hasaki,35.73,140.83,70.0,100,20,3.36,JP,1593380212
293,Qaanaaq,77.48,-69.36,43.56,62,0,1.36,GL,1593380187
294,Russell,32.35,-85.2,91.4,55,75,5.82,US,1593380469
295,Rawson,-43.3,-65.1,41.63,65,100,5.5,AR,1593380228
296,De Aar,-30.65,24.01,39.38,74,0,3.91,ZA,1593380470
297,Huntsville,34.73,-86.59,90.0,66,1,9.17,US,1593380470
298,Forsytheganj,52.63,29.73,61.9,95,0,6.89,BY,1593380470
299,Sampit,-2.53,112.95,73.2,94,92,2.55,ID,1593380470
300,Asău,46.43,26.4,62.01,93,5,5.7,RO,1593380470
301,Raudeberg,61.99,5.14,55.99,91,98,8.5,NO,1593380470
302,Āmol,36.47,52.35,67.55,73,83,5.91,IR,1593380470
303,Walvis Bay,-22.96,14.51,55.0,62,4,5.82,NA,1593380470
304,Guerrero Negro,27.98,-114.06,74.73,54,6,15.99,MX,1593380470
305,Bereda,43.27,-7.54,64.0,100,59,1.99,ES,1593380220
306,Torphins,57.11,-2.62,55.0,87,40,12.75,GB,1593380470
307,Aykhal,66.0,111.5,66.2,55,32,6.71,RU,1593380203
308,Matagami,49.75,-77.63,80.6,39,75,9.17,CA,1593380471
309,Hualmay,-11.1,-77.61,65.17,76,26,10.27,PE,1593380471
310,Maningrida,-12.07,134.27,66.15,93,35,6.04,AU,1593380471
311,Hirado,33.36,129.55,73.99,100,75,6.93,JP,1593380471
312,Barcelos,41.54,-8.62,66.99,93,75,8.05,PT,1593380203
313,Klaksvík,62.23,-6.59,55.4,76,93,20.8,FO,1593380199
314,Smolino,56.28,43.03,57.2,58,20,6.71,RU,1593380471
315,Port Blair,11.67,92.75,82.4,77,100,8.19,IN,1593380195
316,Povenets,62.85,34.83,46.33,79,10,6.15,RU,1593380471
317,Nyurba,63.28,118.33,70.48,61,74,4.92,RU,1593380471
318,Saint-Philippe,-21.36,55.77,66.2,77,40,6.93,RE,1593380472
319,Ola,59.58,151.28,50.9,82,69,5.86,RU,1593380472
320,Geraldton,-28.77,114.6,66.2,68,90,19.46,AU,1593380472
321,Karpathos,35.51,27.21,73.4,83,1,26.4,GR,1593380472
322,Lüderitz,-26.65,15.16,59.0,67,0,13.87,NA,1593380472
323,Todos Santos,23.45,-110.22,82.0,75,100,1.99,MX,1593380472
324,Vila Velha,-20.33,-40.29,71.6,78,75,12.75,BR,1593380241
325,Kushiro,42.98,144.37,54.9,90,96,8.03,JP,1593380472
326,Egvekinot,66.32,-179.17,35.96,81,100,11.23,RU,1593380472
327,Kokkola,63.84,23.13,62.6,51,0,6.93,FI,1593380473
328,Caucayá,-0.19,-74.78,84.58,65,42,1.68,CO,1593380473
329,Faya,18.39,42.45,80.6,19,100,4.7,SA,1593380235
330,Ascension,30.22,-90.9,96.01,52,40,9.17,US,1593380473
331,Mandera,3.94,41.87,80.78,64,6,17.69,KE,1593380473
332,Bambous Virieux,-20.34,57.76,71.6,83,40,5.82,MU,1593380473
333,Fushun,41.86,123.92,68.0,88,100,8.95,CN,1593380473
334,Rudnogorsk,57.26,103.75,61.16,73,28,2.89,RU,1593380473
335,Kalmunai,7.42,81.82,81.45,76,94,5.84,LK,1593380473
336,Kamenka,51.32,42.77,68.0,83,100,6.69,RU,1593380473
337,Khāsh,28.22,61.22,71.65,28,0,1.79,IR,1593380474
338,Cabedelo,-6.98,-34.83,75.2,94,75,12.75,BR,1593380474
339,Puerto Escondido,15.85,-97.07,87.8,70,40,8.05,MX,1593380474
340,Yumen,40.28,97.2,66.56,36,0,6.6,CN,1593380474
341,Lompoc,34.64,-120.46,62.6,77,74,10.29,US,1593380474
342,Thinadhoo,0.53,72.93,84.27,74,1,9.57,MV,1593380474
343,Mahāsamund,21.1,82.1,77.0,94,75,6.93,IN,1593380474
344,Maceió,-9.67,-35.74,71.6,100,75,2.24,BR,1593380406
345,Lichtenburg,-26.15,26.16,43.77,60,0,4.74,ZA,1593380474
346,Henties Bay,-22.12,14.28,55.0,87,0,8.14,NA,1593380185
347,Awjilah,29.11,21.29,78.44,47,0,14.07,LY,1593380474
348,Kamaishi,39.27,141.88,64.92,85,60,2.55,JP,1593380474
349,South Shields,55.0,-1.43,55.99,71,100,10.29,GB,1593380475
350,Lagoa,39.05,-27.98,67.77,93,0,8.48,PT,1593380475
351,Bat Khela,34.62,71.97,79.45,34,0,6.44,PK,1593380475
352,Luwingu,-10.26,29.93,65.14,53,88,6.31,ZM,1593380475
353,Qaqortoq,60.72,-46.03,53.6,58,82,12.75,GL,1593380296
354,Açu,-5.58,-36.91,79.52,71,89,10.49,BR,1593380475
355,Eyl,7.98,49.82,82.24,66,2,23.4,SO,1593380475
356,Imeni Poliny Osipenko,52.42,136.49,53.82,78,13,8.34,RU,1593380475
357,Kaeo,-35.1,173.78,57.99,3,0,8.01,NZ,1593380475
358,Byron Bay,-28.65,153.62,50.0,93,75,5.82,AU,1593380475
359,Huntington,38.42,-82.45,77.0,88,90,6.93,US,1593380436
360,Sungai Penuh,-2.08,101.38,64.8,93,62,1.83,ID,1593380475
361,Sekoma,-24.4,23.88,47.01,49,0,6.31,BW,1593380475
362,Japura,-0.32,102.35,74.1,93,32,2.13,ID,1593380476
363,Ban Nahin,18.24,104.21,77.56,85,41,1.43,LA,1593380476
364,Mahon,39.89,4.27,71.6,83,0,3.36,ES,1593380476
365,Manavālakurichi,8.13,77.3,80.6,88,40,5.82,IN,1593380476
366,Santiago,-33.46,-70.65,57.2,62,90,3.24,CL,1593380245
367,Serebryansk,49.69,83.29,48.2,81,75,2.24,KZ,1593380476
368,Laas,46.62,10.7,62.6,88,84,10.29,IT,1593380476
369,Grand Forks,47.93,-97.03,89.6,46,75,20.8,US,1593380395
370,Richards Bay,-28.78,32.04,63.41,67,0,5.97,ZA,1593380229
371,Teya,60.38,92.63,56.35,87,89,2.84,RU,1593380476
372,Souillac,-20.52,57.52,71.6,83,40,5.82,MU,1593380477
373,Stromness,58.97,-3.3,54.0,100,100,12.75,GB,1593380477
374,Khani,41.96,42.96,68.0,94,40,2.24,GE,1593380477
375,Yerbogachën,61.28,108.01,65.39,70,11,4.21,RU,1593380477
376,Opuwo,-18.06,13.84,57.36,36,0,7.99,NA,1593380477
377,Valdepeñas,38.76,-3.38,82.99,34,0,4.0,ES,1593380477
378,Hobyo,5.35,48.53,78.8,79,46,22.1,SO,1593380477
379,St. George's,12.06,-61.75,81.1,81,34,10.18,GD,1593380477
380,Varhaug,58.61,5.65,59.0,77,75,11.41,NO,1593380477
381,Lerici,44.08,9.91,72.0,77,0,1.21,IT,1593380477
382,Bella Union,-30.28,-57.6,49.84,87,23,9.13,UY,1593380477
383,Bushehr,28.97,50.84,87.19,45,0,4.99,IR,1593380477
384,Worland,44.02,-107.96,71.01,52,75,5.82,US,1593380477
385,Montluçon,46.33,2.6,59.0,97,100,3.87,FR,1593380478
386,Srednekolymsk,67.45,153.68,53.76,46,100,7.61,RU,1593380478
387,Meulaboh,4.14,96.13,77.11,87,95,5.61,ID,1593380478
388,Krasnyy Chikoy,50.36,108.75,58.53,88,68,1.32,RU,1593380478
389,Andapa,-14.65,49.65,64.54,90,64,2.17,MG,1593380478
390,Santa Quitéria,-4.33,-40.16,77.77,67,55,4.54,BR,1593380478
391,Sayyan,15.17,44.32,63.5,58,94,8.05,YE,1593380478
392,Prince Rupert,54.32,-130.32,59.0,82,20,8.05,CA,1593380184
393,Yanaul,56.27,54.93,44.26,91,5,5.57,RU,1593380478
394,Ixtapa,20.7,-105.2,87.8,66,90,11.41,MX,1593380478
395,Beringovskiy,63.05,179.32,40.98,73,83,14.56,RU,1593380478
396,Uthal,25.81,66.62,84.07,76,56,8.61,PK,1593380478
397,Socorro,31.65,-106.3,93.2,19,75,18.34,US,1593380479
398,Bam,29.11,58.36,90.19,20,79,3.04,IR,1593380479
399,Leh,34.17,77.58,50.47,47,28,7.25,IN,1593380479
400,Turukhansk,65.82,87.98,63.9,90,50,14.67,RU,1593380479
401,Nanortalik,60.14,-45.24,41.74,82,58,11.81,GL,1593380188
402,Fayaoué,-20.65,166.53,71.24,67,30,17.22,NC,1593380479
403,Kolvereid,64.87,11.6,66.74,57,31,18.97,NO,1593380479
404,Englehart,47.82,-79.87,78.8,54,1,6.93,CA,1593380479
405,Zalţan,32.95,11.87,77.34,68,0,10.04,LY,1593380479
406,Abu Dhabi,24.47,54.37,89.6,75,10,1.12,AE,1593380479
407,Saint-Joseph,-21.37,55.62,66.2,77,37,6.93,RE,1593380479
408,Harstad,68.8,16.53,51.8,81,0,17.22,NO,1593380480
409,Umm Kaddadah,13.6,26.69,93.0,30,89,17.11,SD,1593380480
410,Shache,38.42,77.24,59.94,34,71,4.54,CN,1593380480
411,Lakatoro,-16.1,167.42,77.0,88,90,6.93,VU,1593380480
412,Flinders,-34.58,150.86,48.99,88,73,1.01,AU,1593380480
413,Lázaro Cárdenas,17.96,-102.2,86.45,61,29,10.47,MX,1593380480
414,Jiuquan,39.74,98.52,65.59,39,0,5.06,CN,1593380480
415,Aizpute,56.72,21.6,62.6,100,59,2.24,LV,1593380480
416,Banikoara,11.3,2.44,71.44,89,82,8.1,BJ,1593380480
417,Muros,42.78,-9.06,64.99,92,24,1.99,ES,1593380480
418,Khanpur,28.65,70.66,90.9,51,0,18.84,PK,1593380480
419,Kieta,-6.22,155.63,82.4,72,23,2.75,PG,1593380480
420,Shangrao,28.45,117.97,78.03,81,100,2.37,CN,1593380481
421,Adrar,20.5,-10.07,100.51,8,0,10.78,MR,1593380481
422,Concarneau,47.88,-3.92,55.4,82,75,6.93,FR,1593380463
423,Broome,42.25,-75.83,79.0,64,20,10.29,US,1593380481
424,Danielskuil,-28.19,23.54,35.53,86,0,3.11,ZA,1593380481
425,Taoudenni,22.68,-3.98,101.91,7,0,8.48,ML,1593380202
426,Emerald,-23.53,148.17,53.6,93,57,11.65,AU,1593380448
427,San Cristobal,7.77,-72.22,84.2,51,40,13.87,VE,1593380349
428,Kiunga,-6.12,141.29,73.44,98,100,0.58,PG,1593380481
429,Bulgan,48.81,103.53,56.61,82,26,4.97,MN,1593380482
430,Rockport,28.02,-97.05,89.6,70,20,17.22,US,1593380440
431,Chaohu,31.6,117.87,75.2,100,90,15.66,CN,1593380482
432,Oranjestad,12.52,-70.03,87.8,66,20,23.04,AW,1593380303
433,Cervo,43.67,-7.41,62.01,91,83,4.94,ES,1593380482
434,Fuente de Oro,3.46,-73.61,72.03,96,100,2.3,CO,1593380482
435,Gijang,35.24,129.21,71.6,83,75,1.12,KR,1593380482
436,Vallecillo,14.52,-87.4,82.4,78,75,10.29,HN,1593380482
437,Nísia Floresta,-6.09,-35.21,77.0,88,20,8.05,BR,1593380415
438,Rabo de Peixe,37.8,-25.58,68.0,88,40,6.93,PT,1593380482
439,Kununurra,-15.77,128.73,53.6,33,9,7.09,AU,1593380482
440,Oruzgan,32.83,66.0,66.06,21,0,3.62,AF,1593380483
441,Ylivieska,64.08,24.55,63.0,67,0,3.0,FI,1593380483
442,Mt. Pleasant,32.79,-79.86,95.0,53,1,6.93,US,1593380318
443,Carballo,43.21,-8.69,62.01,3,84,2.48,ES,1593380483
444,Camacha,33.08,-16.33,69.8,88,75,14.99,PT,1593380483
445,Okahandja,-21.98,16.92,57.2,14,0,5.82,NA,1593380483
446,Rodolfo Sánchez Taboada,31.72,-116.57,73.0,75,3,3.0,MX,1593380483
447,Horki,54.29,30.98,60.75,92,0,5.84,BY,1593380483
448,Anderson,34.53,-82.65,89.6,49,1,18.34,US,1593380483
449,Jining,35.41,116.58,79.0,28,93,8.9,CN,1593380483
450,Padang,-0.95,100.35,77.74,78,70,2.77,ID,1593380483
451,Siderno,38.28,16.3,78.8,44,0,9.17,IT,1593380483
452,Ardee,53.86,-6.54,53.01,84,100,11.99,IE,1593380484
453,Port Macquarie,-31.43,152.92,46.0,94,19,8.55,AU,1593380484
454,Porto-Novo,6.5,2.6,78.8,88,40,13.87,BJ,1593380484
455,Flin Flon,54.77,-101.86,66.2,77,75,6.93,CA,1593380484
456,Bansko,41.84,23.49,61.12,62,0,1.81,BG,1593380396
457,Sangar,63.92,127.47,70.57,58,38,3.15,RU,1593380484
458,Rabak,13.18,32.74,84.0,50,27,11.3,SD,1593380484
459,Rio Grande,-32.03,-52.1,51.01,76,75,5.08,BR,1593380484
460,Basco,20.45,121.97,84.61,81,100,18.43,PH,1593380484
461,Sawākin,19.11,37.33,87.6,33,19,3.94,SD,1593380484
462,Batagay,67.63,134.63,69.03,56,9,8.48,RU,1593380485
463,Dospat,41.65,24.17,53.98,69,0,2.84,BG,1593380485
464,Skala Fourkas,40.0,23.38,73.99,64,0,0.54,GR,1593380485
465,Atambua,-9.11,124.89,69.24,91,93,4.59,ID,1593380485
466,Jagüey Grande,22.53,-81.13,87.8,70,40,12.75,CU,1593380341
467,Bermeo,43.42,-2.72,69.8,83,75,4.7,ES,1593380485
468,Şabyā,17.15,42.63,91.4,79,20,3.42,SA,1593380485
469,Kumul,42.8,93.45,78.12,23,0,20.47,CN,1593380485
470,Tual,-5.67,132.75,79.52,79,95,22.03,ID,1593380485
471,Mihăeşti,45.03,24.25,66.13,80,95,3.24,RO,1593380485
472,Samarai,-10.62,150.67,78.48,85,77,16.62,PG,1593380485
473,Pangnirtung,66.15,-65.71,48.04,62,48,3.06,CA,1593380485
474,Darnah,32.77,22.64,73.11,87,0,18.9,LY,1593380485
475,Constantine,36.37,6.61,71.6,64,0,5.82,DZ,1593380419
476,Alyangula,-13.85,136.42,66.2,100,41,3.36,AU,1593380486
477,Smiths Falls,44.9,-76.02,81.0,68,78,1.99,CA,1593380486
478,Nam Dinh,20.42,106.17,83.19,82,16,10.54,VN,1593380486
479,Bacalar,18.67,-88.38,89.6,66,40,16.11,MX,1593380486
480,Pacific Grove,36.62,-121.92,64.0,63,75,13.87,US,1593380455
481,Bud,39.45,-86.18,81.0,78,40,3.36,US,1593380486
482,La Asuncion,11.03,-63.86,80.46,81,16,13.44,VE,1593380486
483,Helena,46.59,-112.04,53.6,71,90,6.22,US,1593380448
484,Sterling,39.01,-77.43,86.0,58,90,9.17,US,1593380456
485,Poum,-20.23,164.02,71.29,70,92,12.46,NC,1593380486
486,Tutóia,-2.76,-42.27,79.66,85,27,8.43,BR,1593380190
487,Hue,16.47,107.6,80.6,83,20,3.36,VN,1593380487
488,Cap Malheureux,-19.98,57.61,71.01,79,33,3.0,MU,1593380487
489,Alekseyevsk,57.84,108.35,63.7,67,0,2.13,RU,1593380487
490,Arrondissement de Blois,47.58,1.33,62.01,100,75,6.93,FR,1593380487
491,Byurakan,40.34,44.27,68.0,42,20,11.41,AM,1593380487
492,Prieska,-29.66,22.75,41.83,77,0,3.0,ZA,1593380487
493,Shanghai,31.22,121.46,79.0,94,100,4.47,CN,1593380371
494,Vestmannaeyjar,63.44,-20.27,51.66,93,100,12.77,IS,1593380487
495,Peterhead,57.51,-1.8,55.0,87,40,12.75,GB,1593380487
496,Concordia,-31.39,-58.02,55.4,66,20,9.17,AR,1593380487
497,Barra de Tecoanapa,16.52,-98.75,87.67,59,1,12.64,MX,1593380223
498,Øksfjord,70.24,22.35,50.0,71,64,16.11,NO,1593380487
499,Iralaya,15.0,-83.23,87.8,74,40,14.05,HN,1593380487
500,Pontianak,-0.03,109.33,73.56,88,75,4.38,ID,1593380487
501,Jega,12.22,4.38,79.7,69,100,7.14,NG,1593380488
502,Jalu,29.03,21.55,77.92,48,0,9.69,LY,1593380488
503,Banda Aceh,5.56,95.32,78.91,80,82,9.66,ID,1593380203
504,Keti Bandar,24.14,67.45,86.88,76,32,20.78,PK,1593380488
505,Port Lincoln,-34.73,135.87,50.34,57,0,12.86,AU,1593380192
506,Chapais,49.78,-74.85,73.4,56,1,8.05,CA,1593380488
507,Guaporé,-28.85,-51.89,53.01,71,4,1.74,BR,1593380488
508,Natal,-5.79,-35.21,80.6,88,20,8.05,BR,1593380189
509,Kirovskiy,45.09,133.51,59.43,92,77,1.07,RU,1593380488
510,Várzea Grande,-15.65,-56.13,82.4,51,20,5.82,BR,1593380488
511,Tsumeb,-19.23,17.72,57.81,31,0,9.71,NA,1593380488
512,Itarema,-2.92,-39.92,78.89,80,8,13.65,BR,1593380488
513,Morón,-34.65,-58.62,53.01,79,67,1.99,AR,1593380488
514,Totness,5.88,-56.32,79.57,84,93,11.1,SR,1593380489
515,Calape,9.89,123.87,77.0,94,90,5.82,PH,1593380489
516,Havre-St-Pierre,50.23,-63.6,60.8,82,90,11.41,CA,1593380489
517,Arman',59.7,150.17,56.12,69,61,4.25,RU,1593380489
518,Eureka,40.8,-124.16,63.0,32,0,8.01,US,1593380232
519,Persianovskiy,47.51,40.11,75.99,36,0,6.71,RU,1593380489
520,Mount Gambier,-37.83,140.77,35.6,93,3,4.7,AU,1593380489
521,Wanaka,-44.7,169.15,36.0,88,73,1.01,NZ,1593380489
522,Camacupa,-12.02,17.48,55.94,39,0,3.49,AO,1593380489
523,Tombouctou,20.0,-3.0,100.78,13,19,12.95,ML,1593380489
524,Las Vegas,36.17,-115.14,102.2,6,1,28.86,US,1593380382
525,Lano,10.17,11.47,78.58,80,90,7.31,NG,1593380489
526,Bom Jardim,-7.8,-35.59,68.79,96,10,7.23,BR,1593380489
527,Katakwi,1.89,33.97,65.77,87,18,3.56,UG,1593380490
528,Zavyalovo,54.51,82.45,53.6,76,19,6.71,RU,1593380490
529,Khovu-Aksy,51.13,93.6,53.28,88,31,2.42,RU,1593380490
530,Malibu,34.01,-118.81,69.01,85,89,5.99,US,1593380490
531,Airai,-8.93,125.41,57.51,100,97,3.36,TL,1593380490
532,Timrå,62.49,17.33,63.0,59,50,6.93,SE,1593380490
533,Stornoway,58.21,-6.39,54.0,100,84,5.82,GB,1593380490
